Tweets,Sentiment
Tweets,neutral
Bill Cosby's retrial gets underway amid 'explosion of awareness' of #MeToo https://t.co/OGTeFcqERm via @CBCNews https://t.co/NnyLjPpzZF,neutral
"RT @MTVUK: ‚ÄúWe are every raging tide, from the #MeToo movement to battling gender divides. To be a woman, is to be both worrier and warrior‚Ä¶",neutral
RT @StormyDaniels: You are implying that women with certain jobs cannot be assaulted. This is a disgusting and terrifying thought process.‚Ä¶,negative
"RT @jennyyangtv: #üçöüê∞
""Chinese feminists found a way around [Weibo blocking #MeToo hash] they began using #RiceBunny in its place along w th‚Ä¶",neutral
#MeToo movement looms over jury selection in Bill Cosby case https://t.co/80Z018QzkV,neutral
RT @cmdbdezines: women's political t-shirt for feminists https://t.co/0h6adrZmBn #Amazon #feminism #WarOnWomen #gender #women #MGTOW #Femin‚Ä¶,neutral
RT @WM_Global: How do you say #MeToo in countries with censorship?  Learn how feminist in China are using emojis to share their #MeToo stor‚Ä¶,neutral
RT @StormyDaniels: You are implying that women with certain jobs cannot be assaulted. This is a disgusting and terrifying thought process.‚Ä¶,negative
Store manager Richard at #westlakeace 112 in #raleigh always degrading woman and gays. He has been reported over th‚Ä¶ https://t.co/1dIHYHxZqv,neutral
RT @kerrywekelo: HR failed on sexual harassment. Now what?  https://t.co/PRhGg9jZ2X v @EBNmagazine and @mayereditor #metoo #timesup #HR,neutral
RT @StormyDaniels: You are implying that women with certain jobs cannot be assaulted. This is a disgusting and terrifying thought process.‚Ä¶,negative
RT @StormyDaniels: You are implying that women with certain jobs cannot be assaulted. This is a disgusting and terrifying thought process.‚Ä¶,negative
RT @WM_Global: How do you say #MeToo in countries with censorship?  Learn how feminist in China are using emojis to share their #MeToo stor‚Ä¶,neutral
RT @TheNudeReporter: Imagine if sex workers rallied together to stop women from working in offices after #metoo? Its hard to picture - but‚Ä¶,negative
"RT @TheDemCoalition: We need this across the country: On Saturday, New York passed a law requiring that domestic abusers must turn over all‚Ä¶",positive
My MeToo Story!!: https://t.co/SRitxSvkjf via @YouTube,neutral
RT @ChristieBarbie8: The @HillaryClinton Hatred continues....the corrupt MSM loves pointing to Solely Republicans voters as the ONLY opinio‚Ä¶,negative
Incredibly proud part of @stellacreasy #PayMeToo campaign. It‚Äôs time women are paid the same as male counterparts f‚Ä¶ https://t.co/0H8clvlZtU,positive
"RT @Shakestweetz: ""Chinese feminists found a way around [#MeToo censoring]‚Äîthey began using #RiceBunny in its place along with the rice bow‚Ä¶",neutral
Justice in the #MeToo era is not nearly as swift for federal employees https://t.co/PaosRPb9z3,negative
RT @ChicagoWTA: April has been declared National Sexual Assault Awareness and Prevention month. We need to take action to lower these stati‚Ä¶,positive
"RT @ClaudiaStellar: ""Chinese feminists found a way around [#MeToo censoring]‚Äîthey began using #RiceBunny in its place along with the rice b‚Ä¶",neutral
"RT @BlackBalladUK: ""Africa is a place where matters pertaining to sex, be it sexual identity or harassment are shrouded in secrecy""

https:‚Ä¶",positive
"RT @HairyLeggdHarpy: RETWEET to find them!:

To the 3 girls that @eddieizzard terrified in 1985 in the loos in Highbury; you are probably i‚Ä¶",neutral
"RT @aLastingChange: The @EHRC has called for ""urgent action"" to better protect victims of sexual harassment in the workplace. Here are exam‚Ä¶",positive
@PageSix @DorindaMedley Giving her credit for #MeToo is completely absurd. Brave women coming forward made it happen.,positive
Tough Choices for Charities and Schools as #MeToo Taints Their Benefactors https://t.co/BFi6QIH42G https://t.co/ilejkGyBHj,negative
"Trump threatened to change libel laws, and succeeded - the women Trump  sexually assaulted can now sue him for libe‚Ä¶ https://t.co/hkozo3ITZX",positive
PRWeek survey showed over half of respondents experienced sexual harassment in workplace - 31% more than six times‚Ä¶ https://t.co/2MZl4un0ir,positive
@fleccas Yes! #MeToo I am a Transage/transillegal person who identifies as a child when called out on my bullshit..‚Ä¶ https://t.co/rnjvt40A2z,neutral
RT @BienSur_JeTaime: For context: Feldman has spent pretty much his whole adult life exposing the rampant pedophilia in Hollywood. No one b‚Ä¶,positive
INSANITY: CNN Article Claims Easter Story Is Like A #MeToo Moment https://t.co/2C7kAeCKO7,neutral
"RT @ClaudiaStellar: ""Chinese feminists found a way around [#MeToo censoring]‚Äîthey began using #RiceBunny in its place along with the rice b‚Ä¶",neutral
RT @StormyDaniels: You are implying that women with certain jobs cannot be assaulted. This is a disgusting and terrifying thought process.‚Ä¶,negative
RT @Martinet9292: @Dakrr6666 @RealDCDom2759 @Kitten4Pway @notyourprince1 @lookint0havefun @Fabrizi68124604 @nowaday_metoo @PomShinShin @R_s‚Ä¶,neutral
RT @helen: watching Ghost Adventures n this fool actually just urged a sex worker ghost to come forward bc of the MeToo Movement LMFAOOOOO‚Ä¶,neutral
@Angela_Chochi She never played or was interested in the #MeToo card. She specifically said she‚Äôs not a victim of abuse or assault.,positive
@IndySport @Independent #metoo Seb... me too. :(,negative
Tough Choices for Charities and Schools as #MeToo Taints Their Benefactors https://t.co/7mz0aZlhCM https://t.co/BbsvbXl3Pw,negative
Tough Choices for Charities and Schools as #MeToo Taints Their Benefactors https://t.co/uiF3rGRpvr https://t.co/RYuO0dI7SS,negative
RT @cmdbdezines: women's political t-shirt for feminists https://t.co/0h6adrZmBn #Amazon #feminism #WarOnWomen #gender #women #MGTOW #Femin‚Ä¶,neutral
"RT @ROTCRadio: #BREAKING Two actresses are reportedly ""willing to talk"" regarding the years of allegations surrounding Dan Schneider. This‚Ä¶",positive
RT @Unifor2002: Nova Scotia misses mark on #DomesticViolence leave https://t.co/q6aoVfDcam via @UniforTheUnion @Lanampayne @nerok39 @Unifor‚Ä¶,neutral
"RT @kashmirVIII: It‚Äôs funny because, when the #metoo movement popped off I remember someone saying ‚Äúomg once it gets to hip hop it‚Äôs gonna‚Ä¶",positive
RT @StormyDaniels: You are implying that women with certain jobs cannot be assaulted. This is a disgusting and terrifying thought process.‚Ä¶,negative
"No Ruby Tuesday for #metoo, anyway they have too much ""russian dressing"" at the salad bar and the food is too expen‚Ä¶ https://t.co/8xE2mr2mUk",neutral
@dezilahevelyne @shoshannaclaire @BGolbert @RealDylanFarrow MeToo is going to blacklist both C√©line Dion and Robert‚Ä¶ https://t.co/OQM0vhQqv4,neutral
"we should be glad women want equality not revenge 

#HeForShe #metoo",positive
"RT @jennyyangtv: #üçöüê∞
""Chinese feminists found a way around [Weibo blocking #MeToo hash] they began using #RiceBunny in its place along w th‚Ä¶",neutral
Justice in the #MeToo era is not nearly as swift for federal employees https://t.co/R4MWnGnk05,negative
"RT @RealJack: The left has demonized faith.

CNN compared a biblical story to the #MeToo movement. Google refused to make any graphics for‚Ä¶",neutral
So says the #pussygrabberinchief - #me2 #metoo https://t.co/uWQcC2r5bi,neutral
Had one of my most challenging interviews on the recent #metoo supporter at the #tonyrobbins event. Interview will be up later today,positive
"RT @MiKohiyama: #Shiori√åto: ""during the investigation, I had to reenact with a life size doll. That was a second rape.."". In #Japan reenact‚Ä¶",neutral
RT @StormyDaniels: You are implying that women with certain jobs cannot be assaulted. This is a disgusting and terrifying thought process.‚Ä¶,negative
Oh my God. This #TonyRobbins thing- Wtf? I seriously feel like I might start talking about this subject today and j‚Ä¶ https://t.co/RA8ElDFGwu,negative
"RT @RealJack: The left has demonized faith.

CNN compared a biblical story to the #MeToo movement. Google refused to make any graphics for‚Ä¶",neutral
RT @StormyDaniels: You are implying that women with certain jobs cannot be assaulted. This is a disgusting and terrifying thought process.‚Ä¶,negative
SIGH. What a twatwaffle :: Putin's Spokesperson Compared #MeToo Victims To Prostitutes https://t.co/MgAnKGdt6S,neutral
Jury selection is set to get underway in Bill Cosby's sexual assault retrial in a cultural landscape changed by the‚Ä¶ https://t.co/fowkmSYOTS,positive
RT @StormyDaniels: You are implying that women with certain jobs cannot be assaulted. This is a disgusting and terrifying thought process.‚Ä¶,negative
"RT @amnesty: You say you‚Äôre standing with women around the world to make their voices heard. Well, @jack, #HereWeAre telling you that your‚Ä¶",neutral
RT @StormyDaniels: You are implying that women with certain jobs cannot be assaulted. This is a disgusting and terrifying thought process.‚Ä¶,negative
RT @StormyDaniels: You are implying that women with certain jobs cannot be assaulted. This is a disgusting and terrifying thought process.‚Ä¶,negative
RT @StormyDaniels: You are implying that women with certain jobs cannot be assaulted. This is a disgusting and terrifying thought process.‚Ä¶,negative
Hard Candy Pulls #MeToo Trademark Application After¬†Backlash https://t.co/3B531syDcN,negative
RT @StormyDaniels: You are implying that women with certain jobs cannot be assaulted. This is a disgusting and terrifying thought process.‚Ä¶,negative
RT @StormyDaniels: You are implying that women with certain jobs cannot be assaulted. This is a disgusting and terrifying thought process.‚Ä¶,negative
RT @StormyDaniels: You are implying that women with certain jobs cannot be assaulted. This is a disgusting and terrifying thought process.‚Ä¶,negative
"From @marthasjones_  on what #MeToo changed for her. Before it, ‚ÄúWhen telling my story, I had lapsed into something‚Ä¶ https://t.co/ZGxUjUMbvG",neutral
@coldgirlfeverr @j_dirrtyswag @LilKim nah....the self hatred issue goes deeper than gender is THIS...a case of‚Ä¶ https://t.co/wdARjzaGab,neutral
RT @StormyDaniels: You are implying that women with certain jobs cannot be assaulted. This is a disgusting and terrifying thought process.‚Ä¶,negative
"RT @ChrisJZullo: Why I #RESIST

#TaxScamBill
#NetNeutrality¬†
#DACA
#MarchForOurLives¬†
#ParisAgreement
#OffShoreDrilling
#ArticRefuge
#CFPB‚Ä¶",neutral
RT @StormyDaniels: You are implying that women with certain jobs cannot be assaulted. This is a disgusting and terrifying thought process.‚Ä¶,negative
"RT @TopographicFish: At age 15 we had been talking om AOL, phone, and by mail over a year. Behind me are drawings of me dancing, and checki‚Ä¶",negative
"What about @starsandstripes, @MickMulvaneyOMB? It is the most leftwing outlet written in English. As soon as‚Ä¶ https://t.co/DI8PBeQIDJ",positive
RT @StormyDaniels: You are implying that women with certain jobs cannot be assaulted. This is a disgusting and terrifying thought process.‚Ä¶,negative
"RT @aLastingChange: The @EHRC has called for ""urgent action"" to better protect victims of sexual harassment in the workplace. Here are exam‚Ä¶",positive
RT @NBCLA: Jury selection is set to get underway in Bill Cosby‚Äôs sexual assault retrial in a cultural landscape changed by the #MeToo movem‚Ä¶,positive
"RT @WriterAwareness: 4 incredible female writers, 4 phenomenal female directors, 1 powerful night of female voices. Do you believe in #Meto‚Ä¶",positive
"I guess her bully husband prefers her job to be Social-media &amp; online safety, all with the goal of developing ‚Äúmora‚Ä¶ https://t.co/ClnXArDt8h",neutral
I'm writing an article about pervasive sexual deviance &amp; want to hear all the ways women are told to 'keep themselv‚Ä¶ https://t.co/xHLBxadPWs,positive
"RT @jennyyangtv: #üçöüê∞
""Chinese feminists found a way around [Weibo blocking #MeToo hash] they began using #RiceBunny in its place along w th‚Ä¶",neutral
"RT @King_of_Ds: In CNN article, reporters Yoonjung Seo &amp; Eric Levenson describe award winning S. Korean entertainer Seohyun as a ‚Äústarlet‚Äù.‚Ä¶",positive
"RT @atty2thestars: Times are a changing. In the current push for equality... something's happening with divorce settlements and alimony.

#‚Ä¶",neutral
RT @StormyDaniels: You are implying that women with certain jobs cannot be assaulted. This is a disgusting and terrifying thought process.‚Ä¶,negative
"When addressing the issue of #sexualharassment in the workplace, business owners need to understand first that no e‚Ä¶ https://t.co/eCZn8i1GKJ",positive
RT @StormyDaniels: You are implying that women with certain jobs cannot be assaulted. This is a disgusting and terrifying thought process.‚Ä¶,negative
"@bmwpfs @Uber It could be worst. You could aboard his car and......

As a woman, you know what I'm talking about(#metoo), right?",negative
RT @helen: watching Ghost Adventures n this fool actually just urged a sex worker ghost to come forward bc of the MeToo Movement LMFAOOOOO‚Ä¶,neutral
RT @AchieveThis: The #MeToo Movement Looms Over Jury Selection in Bill Cosby Case https://t.co/88UdaFs55l https://t.co/y1GeqqItEf,neutral
RT @StormyDaniels: You are implying that women with certain jobs cannot be assaulted. This is a disgusting and terrifying thought process.‚Ä¶,negative
"@The_Godless_Fox Now, ""forgivable?"" We have forgiven people for plenty of horrible things, including murder. We adm‚Ä¶ https://t.co/WZbmcCVCxT",negative
@jessphillips @caitlinmoran @stellacreasy i think this name and hashtag is a massive mistake. important campaign bu‚Ä¶ https://t.co/lzlB0QQXfX,positive
RT @StormyDaniels: You are implying that women with certain jobs cannot be assaulted. This is a disgusting and terrifying thought process.‚Ä¶,negative
"RT @JustinWelby: Jesus showed respect for all people equally. As we celebrate #IWD2018, in light of #MeToo we‚Äôre still painfully aware of t‚Ä¶",positive
"RT @michelleruiz: Groundbreaking: @walmart is clutching its pearls over @Cosmopolitan but Esquire and Men's Health, please proceed with Sex‚Ä¶",neutral
RT @StormyDaniels: You are implying that women with certain jobs cannot be assaulted. This is a disgusting and terrifying thought process.‚Ä¶,negative
"#MeToo movement could impact Bill Cosby's retrial on sexual assault charges when it begins, legal experts say https://t.co/K74SSt2EVc",positive
